id,name,"email,addresse,city"
1,Kris O'Hagerty,"kohagerty0@simplemachines.org,1 Menomonie Avenue,St. Catharines"
2,Corney Winfield,"cwinfield1@ehow.com,36556 Sage Parkway,Wedangtemu"
3,Daniella Eschalette,"deschalette2@cargocollective.com,953 Briar Crest Terrace,São Paio de Gramaços"
4,Carmelita Phizakarley,"cphizakarley3@wikipedia.org,560 Mayfield Way,Haputale"
5,Fernandina Freezor,"ffreezor4@topsy.com,2577 Trailsway Place,Skolkovo"
6,Dolley Dagwell,"ddagwell5@flavors.me,42 Sherman Center,Luleå"
7,Lorenza Barmadier,"lbarmadier6@1688.com,3104 Thompson Road,Cabeço de Vide"
8,Sheri Kenan,"skenan7@microsoft.com,62795 Pawling Point,Vizal San Pablo"
9,Robbi Gristhwaite,"rgristhwaite8@g.co,680 Oak Place,Dongba"
10,Delano McDermott-Row,"dmcdermottrow9@gizmodo.com,2644 Manley Center,Netvořice"
11,Elke Philipp,"ephilippa@cnbc.com,28133 Stone Corner Way,Arkhaía Kórinthos"
12,Deirdre Gilbank,"dgilbankb@youtube.com,06 Gale Crossing,Hacı Zeynalabdin"
13,Shalne Scaife,"sscaifec@usa.gov,0 Granby Place,Bunirasa"
14,Evey Cathie,"ecathied@npr.org,95434 Mockingbird Drive,Youxi"
15,Adamo Raeburn,"araeburne@ted.com,781 Riverside Center,Kungsbacka"
16,Christopher Guinn,"cguinnf@biblegateway.com,72212 Superior Avenue,Dengjiang"
17,Birgitta Daville,"bdavilleg@pinterest.com,6475 Golf View Avenue,Alcabideche"
18,Mathe Aylwin,"maylwinh@squidoo.com,37066 Elgar Avenue,Peteranec"
19,Rafaello Vasechkin,"rvasechkini@youtube.com,"12556 Graedel Park,Quimper"
20,Domenico Hethron,"dhethronj@cnbc.com,0461 Eagle Crest Trail,Las Parejas"